{"successful_requests": 250, "slowest": 1.9583290159999995, "fastest": 0.14770565400000013, "total_time": 7.2150451669999995, "requests_per_minute": 2079, "requests_per_second": 35}